,ppo_sharpe_list,a2c_sharpe_list,ddpg_sharpe_list
0,-0.3084711665442362,-0.3084711665442362,-0.3084711665442362
1,-0.07619005853584078,-0.07619005853584078,-0.07619005853584078
2,0.2020176191525911,0.2020176191525911,0.2020176191525911
3,0.09655081285057934,0.09655081285057934,0.09655081285057934
4,-0.23548068443075257,-0.23548068443075257,-0.23548068443075257
5,0.19221492213946523,0.19221492213946523,0.19221492213946523
6,1.032741293192148,1.032741293192148,1.032741293192148
7,-0.17945605301685555,-0.17945605301685555,-0.17945605301685555
8,-0.2776312475525488,-0.2776312475525488,-0.2776312475525488
9,-0.0363583373109578,-0.0363583373109578,-0.0363583373109578
10,0.5914535672736991,0.5914535672736991,0.5914535672736991
11,-0.17923331637045764,-0.17923331637045764,-0.17923331637045764
12,0.06403861140350056,0.06403861140350056,0.06403861140350056
13,0.2868885408221735,0.2868885408221735,0.2868885408221735
14,0.1377931264232217,0.1377931264232217,0.1377931264232217
15,0.08414991227596076,0.08414991227596076,0.08414991227596076
